,label,prob,ok
1490847673195374202,skyscraper,0.7701159119606018,1
1491248190983370644,skyscraper,0.4815942347049713,1
1487654463023217980,skyscraper,0.48076874017715454,1
1489611311956136782,skyscraper,0.5171423554420471,1
1487685227529722410,skyscraper,0.6594467163085938,1
1487779584649113201,skyscraper,0.8594332337379456,1
1489812229015687050,skyscraper,0.6229562163352966,1
1490051324165942836,skyscraper,0.25867876410484314,1
1489931241688398266,skyscraper,0.5433293581008911,1
1490691639248605888,skyscraper,0.42651695013046265,1
1491279238463077242,skyscraper,0.6924155354499817,1
1487656649153278631,skyscraper,0.5028223991394043,1
1490800170722416787,skyscraper,0.30027005076408386,1
1490889253755673030,skyscraper,0.41175955533981323,1
1490946155227282677,skyscraper,0.6567367911338806,1
1491308106868441987,skyscraper,0.6876150369644165,1
1490965021366038128,skyscraper,0.3455747365951538,1
1491334199709012233,skyscraper,0.5042575001716614,1
1489867495456531371,skyscraper,0.6186239123344421,1
1490672151245930706,skyscraper,0.31958502531051636,1
1489976905688258373,skyscraper,0.3733319938182831,1
1489637081952312766,skyscraper,0.6663329005241394,1
1482646934220138605,skyscraper,0.4925312399864197,1
1490958968665979579,skyscraper,0.37097299098968506,1
1490072617992959384,skyscraper,0.8442943692207336,1
1490805548777247006,skyscraper,0.7727379202842712,1
1481190752453077143,skyscraper,0.4158678948879242,1
1490846927272857827,skyscraper,0.5971269011497498,1
1490809328374198733,skyscraper,0.39056557416915894,1
1490831307960388418,skyscraper,0.7010895013809204,1
1482625171160276013,skyscraper,0.5028524994850159,1
1487710065938113555,skyscraper,0.8641465306282043,1
1489980602422039663,skyscraper,0.38476821780204773,1
1490836649356519926,skyscraper,0.5476707220077515,1
1490732915066479541,skyscraper,0.4038679897785187,1
1480890189878784668,skyscraper,0.34510913491249084,1
1491051298266502507,skyscraper,0.6966705322265625,1
1490028313106908936,skyscraper,0.3916786015033722,1
1481219926421571829,skyscraper,0.6773577928543091,1
1490784706350231179,skyscraper,0.4672144949436188,1
1490919028632667306,skyscraper,0.4941013753414154,1
1481264019301873901,skyscraper,0.7898706793785095,1
1481180257624087173,skyscraper,0.6565141081809998,1
1481224898894734115,skyscraper,0.5609986186027527,1
1481165077759146859,skyscraper,0.33326825499534607,1
1490655782201717317,skyscraper,0.6472246646881104,1
1481034812273156444,skyscraper,0.5663110017776489,1
1481180170911388228,skyscraper,0.48573535680770874,1
1481129094077809815,skyscraper,0.5435385704040527,1
1481211787239315425,skyscraper,0.38126838207244873,1
1490004897591402156,skyscraper,0.4623461663722992,1
1489973391782999414,skyscraper,0.46356484293937683,1
1489868913406768144,skyscraper,0.6406328678131104,1
1487688515672013262,skyscraper,0.6662610173225403,1
1490012948138365306,skyscraper,0.5173054337501526,1
1491318636518175631,skyscraper,0.6811872124671936,1
1491241785669014802,skyscraper,0.7359034419059753,1
1489884126080937540,skyscraper,0.4795038402080536,1
1480954810538585397,skyscraper,0.6165851950645447,1
1491360870532497704,skyscraper,0.6929641366004944,1
1487775758696705975,skyscraper,0.8132706880569458,1
1490675221812167767,skyscraper,0.6129254698753357,1
1490921316583729905,skyscraper,0.6888507008552551,1
1487755493070162933,skyscraper,0.6023858785629272,1
1490817631308316222,skyscraper,0.5138824582099915,1
1487767653397776897,skyscraper,0.5679327249526978,1
1489904793053130009,skyscraper,0.9680742025375366,1
1490918878560316213,skyscraper,0.20312906801700592,1
1487687723778143549,skyscraper,0.7433809638023376,1
1481222808712541405,skyscraper,0.5706930160522461,1
1487673952670404238,skyscraper,0.42729052901268005,1
1489884594575714449,skyscraper,0.772178053855896,1
1487706079730412757,skyscraper,0.6992913484573364,1
1480881093481063401,skyscraper,0.6942282319068909,1
1489840460406327471,skyscraper,0.6463778614997864,1
1489664391543576861,skyscraper,0.526533305644989,1
1487786855155098930,skyscraper,0.649210512638092,1
1490881036761099342,skyscraper,0.8036227226257324,1
1490656619200004131,skyscraper,0.4548172354698181,1
1489924202948539900,skyscraper,0.2798253893852234,1
1489961718515181461,skyscraper,0.6874943971633911,1
1489805389835268935,skyscraper,0.6578758358955383,1
1490895897298943395,skyscraper,0.6446515321731567,1
1490983687051103256,skyscraper,0.6514331698417664,1
1489928178150734805,skyscraper,0.5090186595916748,1
1491336478885441300,skyscraper,0.4081277847290039,1
1491335513918383381,skyscraper,0.350102037191391,1
1491019206731482887,skyscraper,0.5116337537765503,1
1491323817959471855,skyscraper,0.7315201759338379,1
1491031947014895302,skyscraper,0.6080968379974365,1
1482619259070155136,skyscraper,0.7601220607757568,1
1490784733839519517,skyscraper,0.22331640124320984,1
1491224710355883469,skyscraper,0.3795427083969116,1
1489967592991238365,skyscraper,0.6929315328598022,1
1490853371149451216,skyscraper,0.48179417848587036,1
1491168718351359147,skyscraper,0.7455090284347534,1
1490692128111552322,clothing store,0.5053809881210327,1
1481087432802819071,clothing store,0.605371356010437,1
1489777788696181967,clothing store,0.6269152164459229,1
1481193226160487719,clothing store,0.9731796383857727,1
1491299975672483156,clothing store,0.6736125349998474,1
1480902556490083326,clothing store,0.8641958832740784,1
1489603974239386705,clothing store,0.2593104839324951,1
1489630548141559422,clothing store,0.9894315004348755,1
1481191316452037722,clothing store,0.9397871494293213,1
1487724364135942194,clothing store,0.9422993659973145,1
1490073486247351963,clothing store,0.9714875221252441,1
1490813719827215129,clothing store,0.9208119511604309,1
1490785116636574408,clothing store,0.4580570161342621,1
1490949605898385987,clothing store,0.9893475770950317,1
1490048779884418181,clothing store,0.9926398992538452,1
1481109877497336280,clothing store,0.9819635152816772,1
1490780271250131617,clothing store,0.8315812349319458,1
1491264216589369651,clothing store,0.9889680743217468,1
1490093517161973597,clothing store,0.4226236641407013,1
1491254854114860424,clothing store,0.9394018054008484,1
1491288848108878009,clothing store,0.9785263538360596,1
1480919973143643543,clothing store,0.4309186041355133,1
1482609536137673034,clothing store,0.5317897200584412,1
1482669235619553438,clothing store,0.9651171565055847,1
1491361283882561692,clothing store,0.9916973114013672,1
1491273633287864971,clothing store,0.9981943964958191,1
1489708868011749028,clothing store,0.9920618534088135,1
1487624791199340857,clothing store,0.9905106425285339,1
1490655587343836096,clothing store,0.7371721267700195,1
1481050611981018835,clothing store,0.43556421995162964,1
1491047301857162244,clothing store,0.9897434115409851,1
1490721722666784260,clothing store,0.9998598098754883,1
1491293065414081424,clothing store,0.9967488050460815,1
1481177224111247553,clothing store,0.9181435108184814,1
1487761944269306384,clothing store,0.988004744052887,1
1491047990704906499,clothing store,0.9057672023773193,1
1487760974043948269,clothing store,0.999599039554596,1
1481245969013427883,clothing store,0.9669576287269592,1
1490780804355682420,clothing store,0.42687535285949707,1
1490742927835519877,clothing store,0.9843167066574097,1
1491037036013049415,clothing store,0.9888927340507507,1
1489710836666431463,clothing store,0.9595769047737122,1
1481087487077332315,clothing store,0.7644542455673218,1
1490665236843500582,art gallery,0.6591913104057312,1
1481195238889385247,art gallery,0.6011555790901184,1
1487677708200985337,art gallery,0.3850872814655304,1
1491342501461424099,art gallery,0.9273293018341064,1
1482653494975527423,art gallery,0.6380688548088074,1
1490871682204727563,art gallery,0.8151733875274658,1
1490756512027509247,art gallery,0.4293762445449829,1
1490655448822744775,art gallery,0.7072392702102661,1
1489732769696704221,art gallery,0.2607960104942322,1
1487603073957601087,art gallery,0.5491921305656433,1
1489822344663216719,art gallery,0.915896475315094,1
1490758686070816734,art gallery,0.8932453989982605,1
1490801419686440671,art gallery,0.5921183228492737,1
1491237500768109369,art gallery,0.696570634841919,1
1490920988019638186,art gallery,0.8671661615371704,1
1490078317364592498,art gallery,0.2589379549026489,1
1490925027360373720,art gallery,0.7636615633964539,1
1489623465312063228,art gallery,0.6010468602180481,1
1490799889151272518,art gallery,0.3264923393726349,1
1487626166318718399,art gallery,0.5271195769309998,1
1490987071686305230,art gallery,0.6862776279449463,1
1490756168028368548,art gallery,0.9785889387130737,1
1481254261127280789,art gallery,0.2620178759098053,1
1481251002270452349,art gallery,0.15424972772598267,1
1487727441253393791,art gallery,0.8036959171295166,1
1489823363333311331,art gallery,0.8198931217193604,1
1481241494143959283,art gallery,0.8867284655570984,1
1491056890498908465,art gallery,0.9441269040107727,1
1481238264655464078,art gallery,0.7651873230934143,1
1489750043761907128,art gallery,0.571202278137207,1
1491259789149728112,art gallery,0.9204922914505005,1
1489873351861890600,art gallery,0.910947322845459,1
1480966770629217779,art gallery,0.8694989681243896,1
1491025076290884945,art gallery,0.9170476198196411,1
1480922335216436870,art gallery,0.6847023963928223,1
1481201605062698099,art gallery,0.8460521697998047,1
1489840467864345865,art gallery,0.5670194625854492,1
1489855793079795610,art gallery,0.8761646747589111,1
1480950599474044155,art gallery,0.9175176620483398,1
1489584206408704542,art gallery,0.6201757192611694,1
1490015314137043497,art gallery,0.7028697729110718,1
1487762246218456561,art gallery,0.764694333076477,1
1489723319292229200,art gallery,0.6510516405105591,1
1487754737508231135,art gallery,0.5689865946769714,1
1491152418925668017,art gallery,0.5491436719894409,1
1490763664013535205,art gallery,0.43398788571357727,1
1490805766478999627,art gallery,0.9349733591079712,1
1491318068366127587,art gallery,0.7543864250183105,1
1481039970738485553,art gallery,0.6425276398658752,1
1481228192823157787,art gallery,0.8118253946304321,1
1481098207383965952,art gallery,0.8747382164001465,1
1491202788338813890,art gallery,0.5103826522827148,1
1490737551911188828,art gallery,0.8502225875854492,1
1482635383173943151,beauty salon,0.8068515658378601,1
1490735395536912089,beauty salon,0.9995781779289246,1
1487610290123208587,beauty salon,0.9758170247077942,1
1490863689884461684,beauty salon,0.5788090229034424,1
1481179396433192138,beauty salon,0.49920007586479187,1
1490856324727210115,beauty salon,0.7281283736228943,1
1490879134259037907,beauty salon,0.8429248929023743,1
1489839490674513620,beauty salon,0.6702309250831604,1
1489923442664228247,beauty salon,0.5662769675254822,1
1481262942842720329,beauty salon,0.2555839419364929,1
1481183885639158884,beauty salon,0.7855989933013916,1
1480915980367684761,beauty salon,0.9975858926773071,1
1481208904000284281,beauty salon,0.9999600648880005,1
1491308798409178253,beauty salon,0.9634755849838257,1
1489936596061156741,beauty salon,0.6401195526123047,1
1490929364924414548,beauty salon,0.9684492945671082,1
1489969934502842124,beauty salon,0.9629563093185425,1
1482658865640377899,beauty salon,0.7746616005897522,1
1491009229438730869,beauty salon,0.8740893006324768,1
1482663138419360009,beauty salon,0.7610372304916382,1
1490945233830343712,beauty salon,0.9958252906799316,1
1489830398909568435,beauty salon,0.9272895455360413,1
1491205390452234877,beauty salon,0.3575151264667511,1
1490791313595213579,beauty salon,0.6742969751358032,1
1490665659326126632,shower,0.528123140335083,1
1491034436284013335,shower,0.9999891519546509,1
1490687228459715938,shower,0.9929078817367554,1
1491313820986801699,shower,0.9627315402030945,1
1482619733336486559,shower,0.9905305504798889,1
1491279547071660965,shower,0.9295700192451477,1
1489958375746888086,crosswalk,0.9057310819625854,1
1487763845958261581,crosswalk,0.9165102243423462,1
1489660885164130560,crosswalk,0.7753602862358093,1
1489584733491153863,crosswalk,0.48411673307418823,1
1490950622538078022,crosswalk,0.9614982604980469,1
1489580674905132251,crosswalk,0.8446558713912964,1
1481189167550829407,crosswalk,0.5398513674736023,1
1490943189945986098,crosswalk,0.9997826218605042,1
1489952533022672357,crosswalk,0.46066179871559143,1
1487779543972628347,crosswalk,0.7001941800117493,1
1491064571930506267,crosswalk,0.7806403040885925,1
1490915040235509410,crosswalk,0.9574496746063232,1
1481177517585975847,crosswalk,0.29460808634757996,1
1487717143868619654,crosswalk,0.31898999214172363,1
1490650760429295818,crosswalk,0.9999768733978271,1
1490945816771338663,crosswalk,0.9848846197128296,1
1491046397800235392,crosswalk,0.7252729535102844,1
1490868763095249689,crosswalk,0.44629785418510437,1
1490775589450215761,crosswalk,0.20706875622272491,1
1490924025768926711,crosswalk,0.9987425208091736,1
1489996294285708279,crosswalk,0.9967173933982849,1
1489894295522544811,crosswalk,0.9991881251335144,1
1490820093315510382,crosswalk,0.706745445728302,1
1491282344849374214,crosswalk,0.46670350432395935,1
1489679962947832246,crosswalk,0.9916574358940125,1
1489728019076950754,crosswalk,0.36320391297340393,1
1489580649890284590,crosswalk,0.4860265254974365,1
1489635381329647005,crosswalk,0.743367075920105,1
1490800567621962569,crosswalk,0.7647536396980286,1
1490703107860329516,crosswalk,0.8121975660324097,1
1490035817925449933,crosswalk,0.7598599195480347,1
1491267002060712885,crosswalk,0.4224332273006439,1
1490801362970987959,crosswalk,0.9970376491546631,1
1491237658969459483,crosswalk,0.9984676241874695,1
1490793538471769198,crosswalk,0.9829810857772827,1
1482601113094358618,crosswalk,0.9976778626441956,1
1487677227071056148,crosswalk,0.9978825449943542,1
1489905904710893228,crosswalk,0.999931812286377,1
1481235461704144591,crosswalk,0.9058440923690796,1
1490019974194284040,crosswalk,0.7912160158157349,1
1489887351711199394,crosswalk,0.6541497707366943,1
1489973694737773087,crosswalk,0.9810731410980225,1
1491006048570532754,crosswalk,0.6219893097877502,1
1491010087383257402,crosswalk,0.6574482917785645,1
1490055686419615012,crosswalk,0.27108150720596313,1
1491163869217249956,crosswalk,0.8697689771652222,1
1489916823339476263,crosswalk,0.9382440447807312,1
1487676925685022333,crosswalk,0.5804577469825745,1
1490093117075195859,crosswalk,0.428498774766922,1
1490021351719737088,crosswalk,0.24386973679065704,1
1490088630033632334,crosswalk,0.9790146946907043,1
1491231258494351985,crosswalk,0.841166079044342,1
1481045578221355037,crosswalk,0.9624531865119934,1
1490829403402484659,crosswalk,0.47386401891708374,1
1489644451638047144,crosswalk,0.7038583755493164,1
1491142588391287800,crosswalk,0.8481000661849976,1
1489974576741783591,crosswalk,0.9999624490737915,1
1481193545145761526,crosswalk,0.4225257337093353,1
1490846615005677986,crosswalk,0.7774437665939331,1
1489892966776190602,crosswalk,0.9834188222885132,1
1489865145546013321,crosswalk,0.8701360821723938,1
1481134502104554979,crosswalk,0.8133174777030945,1
1490057807042745892,crosswalk,0.9849618673324585,1
1489895149961166070,gift shop,0.4809470474720001,1
1490047599910498406,gift shop,0.5838996767997742,1
1489968046705355593,gift shop,0.45662930607795715,1
1489899683644351960,gift shop,0.8421184420585632,1
1482644750020352115,gift shop,0.8921943306922913,1
1490050038544552498,gift shop,0.9202753305435181,1
1489982754829670729,gift shop,0.3601764440536499,1
1489860431920107454,gift shop,0.16173632442951202,1
1491033778096155416,gift shop,0.8159297704696655,1
1481177655637590280,gift shop,0.7238260507583618,1
1490824160590353342,gift shop,0.4776943624019623,1
1491069353185284819,gift shop,0.9910780787467957,1
1491059307163643967,gift shop,0.6571879386901855,1
1489936816673364711,gift shop,0.17310364544391632,1
1487705998184879743,gift shop,0.5900983214378357,1
1490825017562722962,gift shop,0.32236576080322266,1
1489883126216888251,gift shop,0.6715143322944641,1
1490945873428301942,gift shop,0.7685969471931458,1
1489795411223962134,gift shop,0.30236896872520447,1
1481263929636109516,gift shop,0.5387346148490906,1
1489935784193947287,gift shop,0.7963206171989441,1
1491330820702291953,gift shop,0.43652012944221497,1
1489863374057368977,gift shop,0.9580656290054321,1
1489996042693808083,gift shop,0.5025971531867981,1
1489637593816511318,gift shop,0.3780229985713959,1
1491282775008797943,gift shop,0.6516241431236267,1
1491013769765407653,gift shop,0.49416762590408325,1
1489603093896525255,gift shop,0.36452919244766235,1
1487742361852521042,gift shop,0.386203795671463,1
1489710478253920731,gift shop,0.38088417053222656,1
1481242029655923634,gift shop,0.4623694121837616,1
1489891290606624903,gift shop,0.18641763925552368,1
1487735646939606278,gift shop,0.6433743834495544,1
1490019475901439452,gift shop,0.5848470330238342,1
1491195942287619995,gift shop,0.8098894953727722,1
1491282045459418518,gift shop,0.5117017030715942,1
1487692611014947866,gift shop,0.8285571336746216,1
1487733035137813548,gift shop,0.5560420751571655,1
1490771092066746159,gift shop,0.44225478172302246,1
1490090201706675498,gift shop,0.3948511779308319,1
1489902189270114615,gift shop,0.8391014337539673,1
1487705288449758100,gift shop,0.682246208190918,1
1490770783617496247,gift shop,0.5740113258361816,1
1489896171886414383,gift shop,0.6073137521743774,1
1491222842330973264,gift shop,0.8301084637641907,1
1490002976247781690,bakery shop,0.9674229025840759,1
1490942233016584598,bakery shop,0.6490639448165894,1
1490698480946927825,bakery shop,0.5220281481742859,1
1489615788636889835,bakery shop,0.4972921311855316,1
1490946027795210345,bakery shop,0.3082870841026306,1
1491332453503020786,bakery shop,0.3131698966026306,1
1487767949012337926,bakery shop,0.7604111433029175,1
1490829548894716432,bakery shop,0.3228570222854614,1
1487744605789614205,bakery shop,0.9650408625602722,1
1489904078813525173,bakery shop,0.9726903438568115,1
1490035279494713249,bakery shop,0.4773392975330353,1
1480892804246076017,bakery shop,0.5761618614196777,1
1490839747420920079,bakery shop,0.3575175404548645,1
1490799765074537793,bakery shop,0.7753074765205383,1
1490769366739674632,bakery shop,0.45502713322639465,1
1489979597003964650,bakery shop,0.7258473634719849,1
1491000503265217410,bakery shop,0.5298792719841003,1
1490787716684671158,bakery shop,0.38424450159072876,1
1490749130513862288,bakery shop,0.33724746108055115,1
1490766164262743028,bakery shop,0.8959149122238159,1
1489608952795003179,bakery shop,0.724737286567688,1
1490785813839403236,bakery shop,0.33622288703918457,1
1491053035136515456,bakery shop,0.6027894020080566,1
1489920472668772618,bakery shop,0.5359607338905334,1
1487689264279252249,bakery shop,0.963775098323822,1
1487639101544089450,bakery shop,0.6373084187507629,1
1490805943066355866,bakery shop,0.884482204914093,1
1490739654425041999,bakery shop,0.5836639404296875,1
1490867465420219394,bakery shop,0.9057595729827881,1
1490846462979734612,bakery shop,0.5056968331336975,1
1489974924785523930,bakery shop,0.890978217124939,1
1489760990416349386,bakery shop,0.7434406280517578,1
1490929234582232120,bakery shop,0.5067423582077026,1
1491354136376410227,bakery shop,0.6212678551673889,1
1491118279741413882,bakery shop,0.5085777640342712,1
1480994694493360971,bakery shop,0.8001041412353516,1
1491066580522624976,bridge,0.3610190451145172,1
1491331744061594062,bridge,0.40031862258911133,1
1491012070961909957,bridge,0.34487465023994446,1
1482611555005996852,bridge,0.632024347782135,1
1491356564316337519,bridge,0.7496901750564575,1
1490003089133922923,bridge,0.6206712126731873,1
1482655200186531448,bridge,0.8190528154373169,1
1489814743996168531,bridge,0.4900084137916565,1
1481147492166173395,bridge,0.5274394750595093,1
1490833912564426245,bridge,0.5735594034194946,1
1489741777115072908,bridge,0.3850913345813751,1
1490855699180539033,bridge,0.5042937397956848,1
1490663678977064724,bridge,0.4539737105369568,1
1490686922954340291,bridge,0.6128473281860352,1
1489944973335753746,bridge,0.6244724988937378,1
1489725620362661681,bridge,0.6685836315155029,1
1490806828660870803,bridge,0.5985478758811951,1
1490029257840583889,bridge,0.6327735185623169,1
1482617283285054024,bridge,0.43656647205352783,1
1487633499203697628,bridge,0.48120129108428955,1
1490892999504560822,bridge,0.36951032280921936,1
1487727670782590843,bridge,0.6858413219451904,1
1489656455905003505,bridge,0.5924229621887207,1
1491293352288484281,bridge,0.9188053011894226,1
1481186169227433412,bridge,0.8665868043899536,1
1491018847329853012,bridge,0.6380569338798523,1
1489954207490821466,bridge,0.6683206558227539,1
1481026609380130312,bridge,0.30189329385757446,1
1491058635110646099,bridge,0.4288618862628937,1
1481191984537431200,bridge,0.5744895339012146,1
1482606114969596801,bridge,0.8695909380912781,1
1487592772814505063,bridge,0.8416813015937805,1
1489679642092562602,bridge,0.5211980938911438,1
1490746486409197237,bridge,0.5713409185409546,1
1491222242335226879,bridge,0.7957577109336853,1
1490712946161904786,bridge,0.6940633654594421,1
1487786323494164915,bridge,0.34239834547042847,1
1489656933064408564,bridge,0.7213780283927917,1
1491115503706726124,bridge,0.9322338104248047,1
1490037745669450569,bridge,0.7451367378234863,1
1490890358988809764,bridge,0.4459001421928406,1
1481192736215703774,bridge,0.867372453212738,1
1490711830434397570,bridge,0.5697122812271118,1
1490080444522690574,bridge,0.7397815585136414,1
1489578376519693171,bridge,0.7666580677032471,1
1489950172015419476,bridge,0.320331335067749,1
1487711057874117313,bridge,0.39496350288391113,1
1490715934217556669,bridge,0.7110808491706848,1
1489803985228627434,bridge,0.6157224774360657,1
1489723767219597824,bridge,0.699691891670227,1
1481138636354323903,bridge,0.4103406071662903,1
1487681361497870250,bridge,0.988120436668396,1
1491294341146069684,bridge,0.791029691696167,1
1481253662650105541,bridge,0.6008858680725098,1
1487705829390408362,bridge,0.7754728198051453,1
1489999299487755332,bridge,0.3649706542491913,1
1490718150378259480,bridge,0.34519416093826294,1
1490917977792875078,bridge,0.7203919887542725,1
1487675158700644479,bridge,0.5160580277442932,1
1489852792893300563,bridge,0.37035346031188965,1
1481166721650038336,bridge,0.376373827457428,1
1491067570571588686,bridge,0.770363986492157,1
1481075638999532341,bridge,0.6925808787345886,1
1481206044540942420,bridge,0.5499734282493591,1
1490005857004588765,bridge,0.5157828330993652,1
1490994998920617151,bridge,0.7880966663360596,1
1491168283175887149,bridge,0.7740434408187866,1
1489812028570481087,bridge,0.40798166394233704,1
1490988633031850559,bridge,0.481318861246109,1
1490936137443089314,bridge,0.807991087436676,1
1490937351239725181,bridge,0.7028860449790955,1
1490077996778203960,bridge,0.4530055522918701,1
1489607634709200755,bridge,0.8748610019683838,1
1489619415066362503,bridge,0.7014172077178955,1
1491262094522282603,bridge,0.1516730934381485,1
1489924551772106081,bridge,0.467314749956131,1
1482628465416178520,bridge,0.5449235439300537,1
1490864241090900708,bridge,0.3709249794483185,1
1490774311011037541,bridge,0.4097351133823395,1
1490958140752088182,bridge,0.4241761565208435,1
1481243220670502994,bridge,0.44810739159584045,1
1491334566660387168,bridge,0.4905354678630829,1
1491075452968740677,bridge,0.5047799944877625,1
1487771058282176948,bridge,0.5067412257194519,1
1489736391586954349,bridge,0.6819642186164856,1
1490672373786212437,bridge,0.685249924659729,1
1481068481310198868,bridge,0.8590934872627258,1
1490809304986165012,bridge,0.6704314947128296,1
1490010137560413280,bridge,0.5822583436965942,1
1489852375895929194,bridge,0.5083652138710022,1
1489632655149509827,bridge,0.6806309819221497,1
1489634657241670143,bridge,0.7695561647415161,1
1490877462802989909,bridge,0.9246909618377686,1
1490010053037412303,bridge,0.49211540818214417,1
1481221766218906823,skyscraper,0.6929476857185364,0
1490874130757047346,skyscraper,0.4707934558391571,0
1490820825389257831,skyscraper,0.27566590905189514,0
1487696797418067240,skyscraper,0.48704975843429565,0
1489995389113487363,clothing store,0.8752613663673401,0
1481259097126807408,clothing store,0.4989240765571594,0
1480994995184217294,clothing store,0.9997064471244812,0
1487780574084762463,clothing store,0.7976074814796448,0
1481114561074748174,clothing store,0.7189694046974182,0
1490668507192173453,clothing store,0.11267051100730896,0
1490045369210659925,clothing store,0.11810927093029022,0
1491248417778682447,clothing store,0.5233487486839294,0
1482664787274918088,clothing store,0.8723787069320679,0
1489779796141396010,clothing store,0.9215598106384277,0
1480938564094217493,clothing store,0.9999551773071289,0
1489892558368000183,clothing store,0.707252025604248,0
1491122853603842382,clothing store,0.811728298664093,0
1490692641887728611,clothing store,0.9386112689971924,0
1491024051790098255,clothing store,0.27947813272476196,0
1490982134528443904,clothing store,0.9734929203987122,0
1491038844890389824,clothing store,0.609311580657959,0
1489631433274031183,clothing store,0.14281877875328064,0
1489982565539864034,clothing store,0.9963307976722717,0
1490641919582344202,clothing store,0.2979593575000763,0
1489857009427082811,clothing store,0.2188115268945694,0
1489606658879256302,clothing store,0.9886298179626465,0
1490843082463384055,clothing store,0.5753538012504578,0
1490952088909685531,clothing store,0.5038669109344482,0
1489832215823385509,clothing store,0.37637901306152344,0
1490752641725411548,clothing store,0.7573406100273132,0
1490801998324572115,clothing store,0.9517694115638733,0
1490665538664329758,clothing store,0.28035685420036316,0
1480983450050753828,clothing store,0.7991321086883545,0
1491077518479793483,clothing store,0.6306881904602051,0
1491360073347518960,clothing store,0.3127565085887909,0
1487640992815233150,clothing store,0.17496198415756226,0
1490014749642765955,clothing store,0.4789120852947235,0
1480913413302645197,clothing store,0.9884651899337769,0
1481028638476208750,clothing store,0.8190626502037048,0
1491279615473539850,clothing store,0.5569652318954468,0
1490014794581262951,clothing store,0.5303882956504822,0
1482668020328748380,clothing store,0.5106909871101379,0
1489850684667874194,clothing store,0.9049798846244812,0
1490045247140780145,clothing store,0.8539478182792664,0
1490723672632470181,clothing store,0.351677805185318,0
1481010863283581547,clothing store,0.8149229884147644,0
1481004404341396231,clothing store,0.43336713314056396,0
1481040499681873860,clothing store,0.719651460647583,0
1490787971606956913,clothing store,0.9505594372749329,0
1490060714768213414,clothing store,0.1064094752073288,0
1491106678219982600,clothing store,0.7003099918365479,0
1490070505188693526,clothing store,0.9960755705833435,0
1490887533788333877,clothing store,0.9607486724853516,0
1481205818123696502,clothing store,0.2612721025943756,0
1491346945880857500,clothing store,0.4361603856086731,0
1480886825139936894,clothing store,0.46597445011138916,0
1491143155804951234,clothing store,0.9406367540359497,0
1491363140851449186,clothing store,0.6548795104026794,0
1480977536140980861,clothing store,0.40964359045028687,0
1490985036014790801,clothing store,0.9143259525299072,0
1490882873867027385,clothing store,0.20600177347660065,0
1487669215423246790,art gallery,0.7347708940505981,0
1489654140741010863,art gallery,0.17928194999694824,0
1491358246324338003,art gallery,0.20778027176856995,0
1491065964531149655,art gallery,0.3043476343154907,0
1487783923404957495,art gallery,0.7168813943862915,0
1489880570468768312,art gallery,0.47453173995018005,0
1490006348007260301,art gallery,0.5217807292938232,0
1481091682463618884,art gallery,0.4875025153160095,0
1487626385010681178,art gallery,0.2691008746623993,0
1490843194703157935,art gallery,0.5779793858528137,0
1480879653820631634,art gallery,0.9475997686386108,0
1489972580763961759,art gallery,0.5498486161231995,0
1491006799234793430,art gallery,0.6254009008407593,0
1489892789197814510,art gallery,0.5359887480735779,0
1487780217836959337,art gallery,0.4350777566432953,0
1489685613329738959,art gallery,0.9645655751228333,0
1490969667253219672,art gallery,0.784203827381134,0
1490001003767212131,art gallery,0.8880656957626343,0
1490852941425704910,art gallery,0.9736350774765015,0
1490703261832198951,art gallery,0.5987945795059204,0
1481216290127286414,art gallery,0.5304071307182312,0
1490046954556852208,art gallery,0.5421469211578369,0
1487643764150373685,art gallery,0.7381076216697693,0
1480924277959832821,art gallery,0.34723353385925293,0
1482651669488990161,art gallery,0.6181952357292175,0
1481204796627553442,art gallery,0.6563934683799744,0
1489956395046707525,art gallery,0.6450459957122803,0
1491148160466027810,art gallery,0.6489547491073608,0
1489970495936095310,art gallery,0.8356832265853882,0
1490861321142230350,art gallery,0.6652944684028625,0
1489770139091060424,art gallery,0.5369582772254944,0
1490688939709841120,art gallery,0.8049428462982178,0
1481191825573166908,art gallery,0.7586401700973511,0
1481143002381687980,art gallery,0.6075209975242615,0
1490927344998418362,art gallery,0.40898042917251587,0
1487776017720635037,art gallery,0.602631688117981,0
1489976459765350868,art gallery,0.2743113934993744,0
1489736809953259912,art gallery,0.4034501016139984,0
1489924908196520149,art gallery,0.5106642842292786,0
1490059791870190234,art gallery,0.42454618215560913,0
1491099824198630242,art gallery,0.4355596601963043,0
1487740487745812475,art gallery,0.33165857195854187,0
1490710491344728076,art gallery,0.5083839297294617,0
1489891557390130021,art gallery,0.4980987310409546,0
1490011507461895298,art gallery,0.27013081312179565,0
1489733582695379401,art gallery,0.8353629112243652,0
1481159148824452105,art gallery,0.5375145673751831,0
1487610034992858807,beauty salon,0.6768307089805603,0
1489593068781290099,beauty salon,0.8199423551559448,0
1487752837839518093,beauty salon,0.8338894248008728,0
1482646959344795635,beauty salon,0.420439213514328,0
1487747176570782672,beauty salon,0.46170222759246826,0
1490963164639957234,beauty salon,0.28322604298591614,0
1489787126626225711,beauty salon,0.5461951494216919,0
1487762942363344687,beauty salon,0.34109926223754883,0
1490769033435231821,beauty salon,0.5859167575836182,0
1481193486828721767,beauty salon,0.27692118287086487,0
1490042493528526757,beauty salon,0.5597639083862305,0
1490044726459999481,beauty salon,0.5195209383964539,0
1490013648687515965,beauty salon,0.5925333499908447,0
1491344388813523950,beauty salon,0.31606972217559814,0
1490933369756094692,beauty salon,0.4600411653518677,0
1480950298280486180,beauty salon,0.19016553461551666,0
1489989631482318491,beauty salon,0.9530496597290039,0
1487638974565465385,beauty salon,0.5040924549102783,0
1489901182344006743,beauty salon,0.7975613474845886,0
1491194093135724562,beauty salon,0.9205782413482666,0
1490728587971301970,beauty salon,0.33723023533821106,0
1487746477907398332,beauty salon,0.262254923582077,0
1490739446444895653,beauty salon,0.33429309725761414,0
1490003786705287938,beauty salon,0.8198842406272888,0
1481178207902159832,beauty salon,0.8082651495933533,0
1489970467792229952,beauty salon,0.6355739235877991,0
1490793879376978881,beauty salon,0.6364864706993103,0
1481191594752514179,beauty salon,0.41920822858810425,0
1490841137303482820,beauty salon,0.9431481957435608,0
1480917239565492073,beauty salon,0.2763811945915222,0
1490959068785276629,beauty salon,0.1224856898188591,0
1489996265117886453,beauty salon,0.9904403686523438,0
1490071974512558362,beauty salon,0.4767599105834961,0
1490818141436971061,beauty salon,0.42021825909614563,0
1481169236184751515,beauty salon,0.5934639573097229,0
1491149515587407642,beauty salon,0.23412777483463287,0
1481200018072400740,beauty salon,0.22593383491039276,0
1490746281383383675,beauty salon,0.7825093865394592,0
1490046176455898618,beauty salon,0.26358935236930847,0
1481197320681841825,beauty salon,0.9912375211715698,0
1491262749086698728,beauty salon,0.8223673701286316,0
1489961050974492894,beauty salon,0.6903518438339233,0
1490056635849461692,beauty salon,0.5410738587379456,0
1490770734233244727,beauty salon,0.6446495652198792,0
1489932687741806204,beauty salon,0.8280625343322754,0
1489850684030808698,beauty salon,0.4558621346950531,0
1490738718968155828,beauty salon,0.6737350225448608,0
1490684425104837897,beauty salon,0.5793266892433167,0
1490984215993567439,beauty salon,0.30767253041267395,0
1491132031379512518,beauty salon,0.3450465500354767,0
1491224766014984281,beauty salon,0.46404534578323364,0
1487744053625623987,beauty salon,0.6886794567108154,0
1491044702127692510,beauty salon,0.9763038754463196,0
1491191969149670577,beauty salon,0.16228261590003967,0
1490934933282342675,beauty salon,0.8233703374862671,0
1490933211647506562,beauty salon,0.6913807988166809,0
1490090225899374617,beauty salon,0.3367810845375061,0
1490775876450112237,beauty salon,0.9340891242027283,0
1489792309225986976,beauty salon,0.6482451558113098,0
1491349152738412722,beauty salon,0.3362322151660919,0
1481188337573459276,beauty salon,0.6330179572105408,0
1491217937452030423,beauty salon,0.7390608191490173,0
1490840031988263237,beauty salon,0.7241727709770203,0
1490893662262827010,beauty salon,0.8922701478004456,0
1490001084826100043,beauty salon,0.4141879081726074,0
1490664176690015215,beauty salon,0.20097045600414276,0
1491360783342671402,beauty salon,0.5019091367721558,0
1481199260422539581,beauty salon,0.4710814654827118,0
1489724320614887188,beauty salon,0.592890739440918,0
1482633513051141195,beauty salon,0.48512881994247437,0
1481037204745864549,beauty salon,0.40616223216056824,0
1490003760934699745,beauty salon,0.3756589889526367,0
1489920995473338254,beauty salon,0.4609154164791107,0
1491108700521043544,beauty salon,0.680194616317749,0
1491210854431440690,beauty salon,0.529128909111023,0
1489894491188274162,beauty salon,0.5823885202407837,0
1490899525848797723,hospital,0.7472191452980042,0
1480879826038769399,hospital,0.20569396018981934,0
1490036814315850672,hospital,0.25451725721359253,0
1490951369442822400,hospital,0.8587982058525085,0
1491352289683023290,hospital,0.19474101066589355,0
1487650617241887336,hospital,0.903421938419342,0
1481237907753797101,hospital,0.2994749844074249,0
1489981703543091667,hospital,0.7420169115066528,0
1491036065930544115,hospital,0.8901341557502747,0
1491095920015508607,hospital,0.7027137875556946,0
1490757871074699988,hospital,0.6068019866943359,0
1491055395656876950,hospital,0.9218243360519409,0
1481193535414987188,hospital,0.4698023200035095,0
1490991882166418980,hospital,0.9832805395126343,0
1490859922837421501,hospital,0.7680474519729614,0
1481190878038090459,hospital,0.3555377125740051,0
1480895574425011203,hospital,0.6435149312019348,0
1491098681704492385,hospital,0.6186401844024658,0
1490793377284540967,hospital,0.9218243360519409,0
1491121846450861335,hospital,0.8774455785751343,0
1489929238690043472,hospital,0.595761239528656,0
1490730636443827619,hospital,0.7458651661872864,0
1490092661288268880,hospital,0.8007991313934326,0
1487666377573936351,hospital,0.6033095717430115,0
1491085733862947008,hospital,0.7535111904144287,0
1490841191100329609,hospital,0.9218243360519409,0
1481186518629869340,hospital,0.4091063141822815,0
1487755671386264119,hospital,0.8824943900108337,0
1481254492401266422,hospital,0.6544595956802368,0
1491255711706350287,hospital,0.18354694545269012,0
1490721981908336323,hospital,0.9833200573921204,0
1490947846017651626,hospital,0.9736018180847168,0
1491094802468401991,hospital,0.4697330892086029,0
1491346190301407716,hospital,0.5978308916091919,0
1489842343170755500,hospital,0.9865230917930603,0
1487707633880011008,hospital,0.925139307975769,0
1487713923816873270,hospital,0.23921440541744232,0
1489997831849712156,hospital,0.29848477244377136,0
1490674726941722382,hospital,0.23111990094184875,0
1490819220631896668,hospital,0.35043489933013916,0
1491068668824534064,hospital,0.12071715295314789,0
1490795947763432645,hospital,0.2579229772090912,0
1491074932255116035,hospital,0.28910917043685913,0
1490945100553302254,hospital,0.24545717239379883,0
1491216643308022275,hospital,0.5968814492225647,0
1481041935435331716,hospital,0.24708488583564758,0
1491287473978896517,hospital,0.3721463978290558,0
1490086821593695689,hospital,0.37325721979141235,0
1489978694977188650,hospital,0.8849866390228271,0
1481017696165817150,hospital,0.29309844970703125,0
1490984896881237989,hospital,0.39906415343284607,0
1487691662741326705,hospital,0.764658510684967,0
1487746519516152377,hospital,0.4352627396583557,0
1487639449538260936,hospital,0.700512170791626,0
1482671163423311421,hospital,0.27197909355163574,0
1490963236723278682,hospital,0.6524122953414917,0
1489620134866768266,hospital,0.5810016989707947,0
1487718752803318402,hospital,0.4902288615703583,0
1482596445001234648,hospital,0.3628508448600769,0
1481080302553297366,hospital,0.34902289509773254,0
1489923208857293073,hospital,0.8333066701889038,0
1482612504831210799,hospital,0.2635648250579834,0
1490764637225244809,hospital,0.6068019866943359,0
1491227936195169910,hospital,0.24299898743629456,0
1489926743220422664,hospital,0.31019800901412964,0
1491038972616333310,hospital,0.5919345617294312,0
1482667705269336235,hospital,0.3159814178943634,0
1489889493096078658,hospital,0.19286030530929565,0
1490837485675185981,hospital,0.9242726564407349,0
1491029441915464789,hospital,0.3561243414878845,0
1480894472328897237,hospital,0.550342321395874,0
1490031053153669590,hospital,0.7027879357337952,0
1489932685525918066,hospital,0.6303987503051758,0
1490721753185196120,hospital,0.35175883769989014,0
1487651712247392932,hospital,0.39076071977615356,0
1491311019846718187,hospital,0.5556665062904358,0
1487746069366233614,hospital,0.6615002155303955,0
1490760089534210213,hospital,0.8044801354408264,0
1481223141212005009,hospital,0.3466222286224365,0
1481028541738153583,hospital,0.6280261278152466,0
1490981413880040207,hospital,0.6210989952087402,0
1490693723625243010,hospital,0.689193069934845,0
1491038465021153728,hospital,0.9828405380249023,0
1487767175993697954,hospital,0.4482184946537018,0
1490853012703782015,hospital,0.5763318538665771,0
1481191794150329263,hospital,0.30872178077697754,0
1490933419785669829,hospital,0.9218243360519409,0
1482639857775757051,hospital,0.9049543142318726,0
1490086204276119969,hospital,0.37325721979141235,0
1489698523397118668,hospital,0.6942244172096252,0
1490712815198011961,hospital,0.6209864616394043,0
1481184482404786035,hospital,0.24058568477630615,0
1490011877098218782,hospital,0.7596890926361084,0
1489633344811772430,hospital,0.24056750535964966,0
1490998832238184890,hospital,0.12065574526786804,0
1481241877236092137,hospital,0.5157361626625061,0
1489774921310771487,hospital,0.7517862319946289,0
1481183084694298216,hospital,0.7133941650390625,0
1487627895034855702,hospital,0.5296677350997925,0
1480916052048518528,hospital,0.8719236254692078,0
1490728137636958578,shower,0.3182107210159302,0
1480941204022858339,shower,0.5232513546943665,0
1490988492304915627,shower,0.7773507237434387,0
1489709052895480823,shower,0.8337469100952148,0
1491256130507245382,shower,0.5360162854194641,0
1491152728281222345,shower,0.7279471755027771,0
1489917297681365909,shower,0.8269147872924805,0
1490915281869081328,shower,0.8186716437339783,0
1489638284334573111,shower,0.263369619846344,0
1490651548437464941,shower,0.3748168647289276,0
1491278604889530669,shower,0.4616226553916931,0
1481048252098275680,shower,0.737910807132721,0
1481199825714637490,shower,0.9254330992698669,0
1481260343614527996,shower,0.9996557235717773,0
1490827323137508943,shower,0.2910187244415283,0
1491151998597668540,shower,0.9646365642547607,0
1491320365333492265,shower,0.8752740621566772,0
1491036027064759834,shower,0.828437089920044,0
1487762056936674888,shower,0.9346681237220764,0
1487597752057411078,shower,0.47044283151626587,0
1490756810829896320,shower,0.6850578784942627,0
1490649976262630166,shower,0.9534522294998169,0
1489691991197108434,shower,0.8187376856803894,0
1491027035139864168,shower,0.5204501152038574,0
1491210875469875545,shower,0.6811885237693787,0
1491011113135201518,shower,0.95057612657547,0
1490059518040708844,shower,0.20087268948554993,0
1489992958271212960,shower,0.9319359660148621,0
1491093449846667150,shower,0.4529743790626526,0
1480902406299492452,shower,0.7650555372238159,0
1489768886975265289,shower,0.9434434771537781,0
1481220951349634968,shower,0.29391101002693176,0
1489690717421270430,shower,0.3788366913795471,0
1487753111040611714,shower,0.8595658540725708,0
1489942116058351057,shower,0.9765977263450623,0
1487608150022330961,shower,0.979999303817749,0
1487690445605384846,shower,0.5114283561706543,0
1490922166307699203,shower,0.7270478010177612,0
1490892718477293083,shower,0.5352325439453125,0
1490867228172773256,shower,0.9330445528030396,0
1490028447526214090,shower,0.7889306545257568,0
1490968380961115005,shower,0.7629799246788025,0
1490073859901918869,shower,0.45354485511779785,0
1491232789945096305,shower,0.50825434923172,0
1490717190662581155,shower,0.5346446633338928,0
1487666196740283347,shower,0.29283416271209717,0
1489671812115541182,shower,0.5068547129631042,0
1490845209595821021,shower,0.44811901450157166,0
1490698685369388102,shower,0.3594607710838318,0
1482628033051678638,shower,0.8229859471321106,0
1481024409845270191,shower,0.8295319080352783,0
1487623353896671342,shower,0.9682475328445435,0
1490719623435541688,shower,0.7276335954666138,0
1491039049531949394,shower,0.17041559517383575,0
1490803844362344095,shower,0.21874244511127472,0
1490782732241036282,shower,0.9382303953170776,0
1481242516102985042,shower,0.8606846928596497,0
1490868548942529745,shower,0.6829374432563782,0
1490748285982601613,shower,0.9531621932983398,0
1490829986646414757,shower,0.9980652928352356,0
1490678239738473304,shower,0.685319185256958,0
1490974287741183949,shower,0.6129353642463684,0
1490708102931193479,shower,0.9908037185668945,0
1487714945708877202,shower,0.8473423719406128,0
1490855126968390947,shower,0.6035849452018738,0
1490847597665330937,shower,0.6139596700668335,0
1487736845865287103,shower,0.6131197810173035,0
1491324859799482805,shower,0.8391445875167847,0
1489944077793089959,shower,0.8336685299873352,0
1490878869035987879,shower,0.47888192534446716,0
1490954072186322154,shower,0.7850422859191895,0
1489833488516564054,shower,0.8646941184997559,0
1490832101565392572,shower,0.44963663816452026,0
1490679304110100214,shower,0.4355282783508301,0
1491331390959487948,shower,0.986607551574707,0
1490030012438267168,shower,0.4564402103424072,0
1489794407779485545,shower,0.9171314835548401,0
1490703263736410799,shower,0.4848652482032776,0
1491102987753719926,shower,0.4711759686470032,0
1489946814592437173,shower,0.5663388967514038,0
1491141540846975448,shower,0.449449360370636,0
1490654852249745070,shower,0.9537708163261414,0
1490809386775857422,shower,0.4830857515335083,0
1489851995120261236,shower,0.9998284578323364,0
1489582738427383620,shower,0.28097501397132874,0
1490083849090424636,shower,0.9278193712234497,0
1481112749379206974,shower,0.9824423789978027,0
1491070215542586081,shower,0.3739517033100128,0
1490034557495276364,shower,0.7369019389152527,0
1491359789098416808,shower,0.8583081960678101,0
1490738257746283370,shower,0.3616456985473633,0
1490968653900850897,shower,0.35432204604148865,0
1489885038207125331,shower,0.9998636245727539,0
1491349750233750598,shower,0.6939351558685303,0
1482644521564203464,crosswalk,0.9981437921524048,0
1490709183031646095,crosswalk,0.9285115599632263,0
1490671266716984111,crosswalk,0.25341612100601196,0
1490874925266572071,crosswalk,0.6242727041244507,0
1490857106260981809,crosswalk,0.6556702256202698,0
1480889690076184521,crosswalk,0.4658101499080658,0
1482661385384821339,crosswalk,0.5340614318847656,0
1490966211767511204,crosswalk,0.9557090401649475,0
1490683127235047493,crosswalk,0.20803722739219666,0
1490956433998291347,crosswalk,0.8819179534912109,0
1487739093541976679,crosswalk,0.2805427610874176,0
1489887238363138626,crosswalk,0.9595034718513489,0
1491072332466191930,crosswalk,0.5576655864715576,0
1490924897001428609,crosswalk,0.35529279708862305,0
1487720932013713032,crosswalk,0.8550379276275635,0
1480897841596746609,crosswalk,0.8283907771110535,0
1487768982689670153,crosswalk,0.43743783235549927,0
1489712350423718955,crosswalk,0.18406467139720917,0
1490813636176108702,crosswalk,0.9416471123695374,0
1490832055645463986,crosswalk,0.36156412959098816,0
1490049160703188623,crosswalk,0.2527173161506653,0
1491335421359414474,crosswalk,0.5429829955101013,0
1490963587786405966,crosswalk,0.638956606388092,0
1489807764137321029,crosswalk,0.5297600626945496,0
1490860950785256939,crosswalk,0.1923457384109497,0
1489834128040218500,crosswalk,0.46160000562667847,0
1481235100254636142,crosswalk,0.8338773250579834,0
1481127078689941720,crosswalk,0.5922532677650452,0
1481135595719160171,crosswalk,0.4009329080581665,0
1491318931427555392,crosswalk,0.1717080920934677,0
1489960815808362746,crosswalk,0.3707753121852875,0
1489971900833894179,crosswalk,0.2754480838775635,0
1489868784633917544,crosswalk,0.44953465461730957,0
1480911896215289776,crosswalk,0.7308831810951233,0
1489589009877730058,crosswalk,0.40164899826049805,0
1480898994476908734,crosswalk,0.5600978136062622,0
1490741289397681664,crosswalk,0.5593476891517639,0
1490975879874365312,gift shop,0.1639125794172287,0
1480948146829590811,gift shop,0.5394543409347534,0
1481103073891281926,gift shop,0.9045280814170837,0
1489906913961608749,gift shop,0.48847270011901855,0
1480921283444331703,gift shop,0.5419638752937317,0
1489871550240776206,gift shop,0.43274471163749695,0
1481042595089352243,gift shop,0.8296794891357422,0
1481102462311239923,gift shop,0.2025793194770813,0
1491032972614010419,gift shop,0.7244770526885986,0
1481141469037182294,gift shop,0.18337714672088623,0
1487747957810006608,gift shop,0.36136117577552795,0
1491126359102382316,gift shop,0.3615545928478241,0
1490039245426904179,gift shop,0.5645281076431274,0
1490791139539102902,gift shop,0.8540880680084229,0
1490017316003265374,gift shop,0.1692357212305069,0
1481112387259266886,gift shop,0.7425277233123779,0
1491281483733100985,gift shop,0.8176530003547668,0
1480879528443144184,gift shop,0.4613736569881439,0
1481183990739139759,gift shop,0.6524317264556885,0
1481109438035078463,gift shop,0.6687107086181641,0
1482596834793791089,gift shop,0.526286780834198,0
1490020328050953469,gift shop,0.1288813203573227,0
1481188984016253807,gift shop,0.3968827724456787,0
1481240516620138353,gift shop,0.7712668180465698,0
1481106038761248482,gift shop,0.5109378695487976,0
1481075805974864458,gift shop,0.20433716475963593,0
1481212781951998765,gift shop,0.3307689428329468,0
1480967517626429040,gift shop,0.339214950799942,0
1481198057143811846,gift shop,0.8380581736564636,0
1481096686252581336,gift shop,0.5762816667556763,0
1481013763847314443,gift shop,0.2448580116033554,0
1489780313340417732,gift shop,0.3570280373096466,0
1491013162429176127,gift shop,0.3262436091899872,0
1487690300416023620,gift shop,0.31725865602493286,0
1489826378324795466,gift shop,0.3068689703941345,0
1481201127969293883,gift shop,0.6797077059745789,0
1481229289927282132,gift shop,0.38734981417655945,0
1491277335012653183,gift shop,0.5913165211677551,0
1490968755278587991,gift shop,0.28320589661598206,0
1490718800361728692,gift shop,0.46708881855010986,0
1489963453472689197,gift shop,0.28202682733535767,0
1480941954945733064,gift shop,0.23667846620082855,0
1491262052890959306,gift shop,0.833545446395874,0
1482627221688775472,gift shop,0.34778523445129395,0
1481076830542077499,gift shop,0.7065550684928894,0
1480911473831058907,gift shop,0.2994840443134308,0
1489841749954118015,gift shop,0.34607625007629395,0
1487716511510212567,gift shop,0.30719706416130066,0
1480884629488767396,gift shop,0.2793278992176056,0
1489757784105911547,gift shop,0.2594700753688812,0
1490996336845403487,gift shop,0.36216625571250916,0
1490008977013312445,gift shop,0.34217849373817444,0
1481221945182018130,gift shop,0.5382576584815979,0
1491320113541371777,gift shop,0.14975276589393616,0
1490855560013198861,gift shop,0.571539044380188,0
1489632222247180161,bakery shop,0.23200605809688568,0
1490694930417367104,bakery shop,0.4124469757080078,0
1490766099544022652,bakery shop,0.43969085812568665,0
1490073002225664030,bakery shop,0.6959350109100342,0
1490810484668442677,bakery shop,0.7205615043640137,0
1490737447380860763,bakery shop,0.39609307050704956,0
1490738744746219622,bakery shop,0.531387209892273,0
1491017892447624491,bakery shop,0.5838841199874878,0
1491306758458379282,bakery shop,0.39698153734207153,0
1489831098341926731,bakery shop,0.25319525599479675,0
1490936157113061345,bakery shop,0.42546188831329346,0
1480966433868430015,bakery shop,0.5024099946022034,0
1480884605648939753,bakery shop,0.7947428822517395,0
1481215874127776559,bakery shop,0.6866064667701721,0
1480974472101835205,bakery shop,0.3554588556289673,0
1489844381459906992,bakery shop,0.8548193573951721,0
1490038008115569419,bakery shop,0.3793955147266388,0
1487633267401667158,bakery shop,0.25070077180862427,0
1491251985435875249,bakery shop,0.8162305355072021,0
1490051534929878541,bakery shop,0.733519971370697,0
1490700893425957469,bakery shop,0.8732645511627197,0
1491359140222622728,bakery shop,0.3766040503978729,0
1487673836807063718,bakery shop,0.7503930330276489,0
1482628531049296711,bakery shop,0.16900326311588287,0
1490808337267175851,bakery shop,0.869692862033844,0
1487721947344964383,bakery shop,0.3655184507369995,0
1481002093304380834,bakery shop,0.8297333121299744,0
1490065705101325519,bakery shop,0.37403514981269836,0
1487665743763133690,bakery shop,0.3740178644657135,0
1481219975729683696,bakery shop,0.24060675501823425,0
1490824701302623681,bakery shop,0.5255447030067444,0
1487652065793948587,bakery shop,0.16334012150764465,0
1489863140057080399,bakery shop,0.8577938675880432,0
1487709719396449030,bakery shop,0.5361830592155457,0
1491237944282619072,bakery shop,0.6677303910255432,0
1487608406410965882,bakery shop,0.2651848793029785,0
1490985376575650732,bakery shop,0.5232810974121094,0
1489784356280782902,bakery shop,0.30929622054100037,0
1481075759106917922,bakery shop,0.5499494075775146,0
1491083058575579380,bakery shop,0.3748561441898346,0
1490047445777248474,bakery shop,0.2899433374404907,0
1489729587512859715,bakery shop,0.36079421639442444,0
1491292371902731142,bakery shop,0.21269209682941437,0
1490072009911940288,bakery shop,0.48246443271636963,0
1481222234855995375,bakery shop,0.20360355079174042,0
1489742722930812576,bakery shop,0.4798698127269745,0
1490960986679557779,bakery shop,0.7202123403549194,0
1481146678261243621,bakery shop,0.17015935480594635,0
1490751763891081023,bakery shop,0.28046590089797974,0
1491077348567932768,bakery shop,0.6876953840255737,0
1489833997855919563,bakery shop,0.43828824162483215,0
1490848162569935744,bakery shop,0.7648727893829346,0
1490960423183235598,bakery shop,0.8243523836135864,0
1481158496283361648,bakery shop,0.6398480534553528,0
1489922104420974758,bakery shop,0.49092578887939453,0
1489860188130247089,bakery shop,0.6468580961227417,0
1487766102259783603,bakery shop,0.7167898416519165,0
1481082498355437152,bakery shop,0.9824132919311523,0
1489795861517324712,bakery shop,0.19990074634552002,0
1489602160781156441,bakery shop,0.9232692122459412,0
1489771634276740555,bakery shop,0.38115429878234863,0
1489817623948782855,bakery shop,0.37616148591041565,0
1489694357346004643,bakery shop,0.6306610107421875,0
1491221225627678080,bakery shop,0.4316319525241852,0
1491079830791612554,bridge,0.3003283143043518,0
1481042195405625773,bridge,0.20286552608013153,0
1490074197517759455,bridge,0.08018206059932709,0
1490039689913129406,bridge,0.41442862153053284,0
1489763087603229872,bridge,0.2774597704410553,0
1482628267906456134,bridge,0.6021090149879456,0
